"Result.num","Paper","i","k","EV.Z","EV.p","LEV.Z","LEV.p","first_author","year","title","container.title"
1,"10.1016/j.jecp.2024.105920",1,44,-5.78,0.001,NA,0.7102,"Silver",2024,"Assessing the association between parents’ math talk and children’s math performance: A preregistered meta-analysis","Journal of Experimental Child Psychology"
2,"10.1080/2372966X.2024.2365618",1,37,-7.725,1e-04,NA,0.9997,"Ni",2024,"Evidential Value of Intervention Studies in Two School Psychology Journals: A 
            <i>p</i>
            -Curve Analysis of Research from 2011 to 2021","School Psychology Review"
2,"10.1080/2372966X.2024.2365618",2,11,NA,1e-04,NA,0.9992,"Ni",2024,"Evidential Value of Intervention Studies in Two School Psychology Journals: A 
            <i>p</i>
            -Curve Analysis of Research from 2011 to 2021","School Psychology Review"
2,"10.1080/2372966X.2024.2365618",3,10,NA,1e-04,NA,0.9873,"Ni",2024,"Evidential Value of Intervention Studies in Two School Psychology Journals: A 
            <i>p</i>
            -Curve Analysis of Research from 2011 to 2021","School Psychology Review"
2,"10.1080/2372966X.2024.2365618",4,14,NA,0.153,NA,0.1386,"Ni",2024,"Evidential Value of Intervention Studies in Two School Psychology Journals: A 
            <i>p</i>
            -Curve Analysis of Research from 2011 to 2021","School Psychology Review"
3,"10.1016/j.amjsurg.2024.01.032",1,8,NA,1e-04,NA,0.9999,"Muneeb Akhtar",2024,"Effectiveness of erector spinae plane block in reducing opioid consumption after colorectal surgery: A comprehensive meta-analysis","The American Journal of Surgery"
3,"10.1016/j.amjsurg.2024.01.032",2,7,NA,1e-04,NA,0.9999,"Muneeb Akhtar",2024,"Effectiveness of erector spinae plane block in reducing opioid consumption after colorectal surgery: A comprehensive meta-analysis","The American Journal of Surgery"
4,"10.1007/s40429-024-00582-y",1,50,NA,0.019,NA,0.577,"Peri",2024,"Effectiveness of Emotion-Regulation Interventions on Substance Misuse and Emotion Regulation Outcomes in Individuals with Substance Dependence: A Systematic Review and Meta-Analysis","Current Addiction Reports"
4,"10.1007/s40429-024-00582-y",2,79,NA,0.004,NA,0.753,"Peri",2024,"Effectiveness of Emotion-Regulation Interventions on Substance Misuse and Emotion Regulation Outcomes in Individuals with Substance Dependence: A Systematic Review and Meta-Analysis","Current Addiction Reports"
6,"10.1002/ijgo.15467",1,11,NA,1e-04,NA,0.9999,"Akhtar",2024,"Efficacy and safety of fezolinetant for vasomotor symptoms in postmenopausal women: A systematic review and meta‐analysis of randomized controlled trials","International Journal of Gynecology &amp; Obstetrics"
6,"10.1002/ijgo.15467",2,11,NA,1e-04,NA,0.9999,"Akhtar",2024,"Efficacy and safety of fezolinetant for vasomotor symptoms in postmenopausal women: A systematic review and meta‐analysis of randomized controlled trials","International Journal of Gynecology &amp; Obstetrics"
6,"10.1002/ijgo.15467",3,11,NA,1e-04,NA,0.9999,"Akhtar",2024,"Efficacy and safety of fezolinetant for vasomotor symptoms in postmenopausal women: A systematic review and meta‐analysis of randomized controlled trials","International Journal of Gynecology &amp; Obstetrics"
6,"10.1002/ijgo.15467",4,11,NA,0.0025,NA,0.82,"Akhtar",2024,"Efficacy and safety of fezolinetant for vasomotor symptoms in postmenopausal women: A systematic review and meta‐analysis of randomized controlled trials","International Journal of Gynecology &amp; Obstetrics"
7,"10.1093/pnasnexus/pgae025",1,270,NA,1e-04,NA,0.9999,"Galinsky",2024,"Are many sex/gender differences really power differences?","PNAS Nexus"
7,"10.1093/pnasnexus/pgae025",2,41,NA,1e-04,NA,0.9999,"Galinsky",2024,"Are many sex/gender differences really power differences?","PNAS Nexus"
7,"10.1093/pnasnexus/pgae025",3,25,NA,1e-04,NA,0.9999,"Galinsky",2024,"Are many sex/gender differences really power differences?","PNAS Nexus"
7,"10.1093/pnasnexus/pgae025",4,26,NA,1e-04,NA,0.9999,"Galinsky",2024,"Are many sex/gender differences really power differences?","PNAS Nexus"
7,"10.1093/pnasnexus/pgae025",5,10,NA,8e-04,NA,0.5829,"Galinsky",2024,"Are many sex/gender differences really power differences?","PNAS Nexus"
9,"10.1111/eth.13418",1,25,-4.7,0.001,2.06,0.98,"Engelhardt",2023,"Reciprocal altruism in Norway rats","Ethology"
9,"10.1111/eth.13418",2,5,-1.11,0.113,-0.44,0.33,"Engelhardt",2023,"Reciprocal altruism in Norway rats","Ethology"
9,"10.1111/eth.13418",3,10,-0.24,0.407,-1.07,0.143,"Engelhardt",2023,"Reciprocal altruism in Norway rats","Ethology"
9,"10.1111/eth.13418",4,19,-1.92,0.027,0.65,0.742,"Engelhardt",2023,"Reciprocal altruism in Norway rats","Ethology"
9,"10.1111/eth.13418",5,7,-2.02,0.022,0.74,0.772,"Engelhardt",2023,"Reciprocal altruism in Norway rats","Ethology"
9,"10.1111/eth.13418",6,32,-3.88,0.001,1.26,0.896,"Engelhardt",2023,"Reciprocal altruism in Norway rats","Ethology"
10,"10.1097/WNF.0000000000000572",1,11,-3.33,0.001,1.62,1,"Hagan",2023,"The Utility of Methylphenidate for Fatigue in Long-Term Neurological Conditions: A Meta-analytical Review","Clinical Neuropharmacology"
12,"10.1002/ejsp.2991",1,21,-7.72,0.001,NA,0.9999,"Greig",2023,"The help that hinders? A meta‐analysis of reactions to affirmative action","European Journal of Social Psychology"
17,"10.1002/jcpy.1353",1,143,-26.94,0.001,NA,0.9999,"Troll",2023,"A meta‐analysis on the effects of just‐below versus round prices","Journal of Consumer Psychology"
19,"10.24976/Discov.Med.202335175.17",1,10,NA,1e-04,NA,0.9999,"Chen",2023,"Risk Correlation Analysis between Polycystic Ovary Syndrome (PCOS) and Serum Visfatin Levels in Middle-Aged Women: Systematic Review and Meta-Analysis","Discovery Medicine"
20,"10.1038/s41598-023-30206-w",1,1,NA,0.001,NA,0.999,"Oberleiter",2023,"Unfounded authority, underpowered studies, and non-transparent reporting perpetuate the Mozart effect myth: a multiverse meta-analysis","Scientific Reports"
20,"10.1038/s41598-023-30206-w",2,1,NA,0.449,NA,0.429,"Oberleiter",2023,"Unfounded authority, underpowered studies, and non-transparent reporting perpetuate the Mozart effect myth: a multiverse meta-analysis","Scientific Reports"
22,"10.1007/s12144-023-04395-6",1,21,NA,1e-04,NA,0.8658,"Wang",2023,"How do eye cues affect behaviors? Two meta-analyses","Current Psychology"
22,"10.1007/s12144-023-04395-6",2,32,NA,2e-04,NA,0.4327,"Wang",2023,"How do eye cues affect behaviors? Two meta-analyses","Current Psychology"
24,"10.1016/j.yhbeh.2023.105317",1,19,NA,2e-04,NA,0.9999,"Galindo-Caballero",2023,"A review and p-curve analysis of research on the menstrual cycle correlates of consumer preferences and economic decisions","Hormones and Behavior"
24,"10.1016/j.yhbeh.2023.105317",2,11,NA,0.1297,NA,0.2051,"Galindo-Caballero",2023,"A review and p-curve analysis of research on the menstrual cycle correlates of consumer preferences and economic decisions","Hormones and Behavior"
25,"10.1080/09297049.2023.2172150",1,1,NA,NA,NA,NA,"Chavez Arana",2023,"Interventions to improve executive functions in children and adolescents with acquired brain injury: a systematic review and multilevel meta-analysis","Child Neuropsychology"
26,"10.7717/peerj.16763",1,71,-11.31,1e-04,5.55,0.999,"Hiraishi",2024,"A systematic review of conference papers presented at two large Japanese psychology conferences in 2013 and 2018: did Japanese social psychologists selectively report <i>p</i> &lt; 0.05 results without peer review?","PeerJ"
26,"10.7717/peerj.16763",2,42,-13.08,1e-04,7.86,0.999,"Hiraishi",2024,"A systematic review of conference papers presented at two large Japanese psychology conferences in 2013 and 2018: did Japanese social psychologists selectively report <i>p</i> &lt; 0.05 results without peer review?","PeerJ"
29,"10.1016/j.neubiorev.2022.105022",1,NA,NA,NA,NA,NA,"Angeletos Chrysaitis",2023,"10 years of Bayesian theories of autism: A comprehensive review","Neuroscience &amp; Biobehavioral Reviews"
31,"10.1016/j.cpr.2022.102232",1,49,-6.48,1e-04,1.89,0.971,"Elliott",2023,"Emotion-related impulsivity and risky decision-making: A systematic review and meta-regression","Clinical Psychology Review"
32,"10.1016/j.ijhm.2022.103378",1,48,-13.65,1e-04,NA,0.9999,"Chark",2023,"Is menu design effective? A p-curving analysis","International Journal of Hospitality Management"
32,"10.1016/j.ijhm.2022.103378",3,24,-10.81,1e-04,6.58,0.9999,"Chark",2023,"Is menu design effective? A p-curving analysis","International Journal of Hospitality Management"
32,"10.1016/j.ijhm.2022.103378",4,24,-8.6,1e-04,4.54,0.9999,"Chark",2023,"Is menu design effective? A p-curving analysis","International Journal of Hospitality Management"
32,"10.1016/j.ijhm.2022.103378",5,24,-10.61,1e-04,6.25,0.9999,"Chark",2023,"Is menu design effective? A p-curving analysis","International Journal of Hospitality Management"
32,"10.1016/j.ijhm.2022.103378",6,24,-8.67,1e-04,4.77,0.9999,"Chark",2023,"Is menu design effective? A p-curving analysis","International Journal of Hospitality Management"
32,"10.1016/j.ijhm.2022.103378",7,24,-9.51,1e-04,5.74,0.9999,"Chark",2023,"Is menu design effective? A p-curving analysis","International Journal of Hospitality Management"
32,"10.1016/j.ijhm.2022.103378",8,24,-8.93,1e-04,5.67,0.9999,"Chark",2023,"Is menu design effective? A p-curving analysis","International Journal of Hospitality Management"
32,"10.1016/j.ijhm.2022.103378",9,24,-12.87,1e-04,7.38,0.9999,"Chark",2023,"Is menu design effective? A p-curving analysis","International Journal of Hospitality Management"
32,"10.1016/j.ijhm.2022.103378",10,24,-4.57,1e-04,2.56,0.9948,"Chark",2023,"Is menu design effective? A p-curving analysis","International Journal of Hospitality Management"
32,"10.1016/j.ijhm.2022.103378",11,24,-13.85,1e-04,8.36,0.9999,"Chark",2023,"Is menu design effective? A p-curving analysis","International Journal of Hospitality Management"
32,"10.1016/j.ijhm.2022.103378",12,24,-2.69,0.0036,0.6,0.727,"Chark",2023,"Is menu design effective? A p-curving analysis","International Journal of Hospitality Management"
32,"10.1016/j.ijhm.2022.103378",13,24,-12.77,1e-04,7.34,0.9999,"Chark",2023,"Is menu design effective? A p-curving analysis","International Journal of Hospitality Management"
32,"10.1016/j.ijhm.2022.103378",14,24,-4.88,1e-04,2.71,0.9966,"Chark",2023,"Is menu design effective? A p-curving analysis","International Journal of Hospitality Management"
33,"10.1007/s10869-022-09849-5",1,16,-9.365,0.001,6.367,0.999,"Batolas",2022,"Psychological and Hierarchical Closeness as Opposing Factors in Whistleblowing: A Meta-Analysis","Journal of Business and Psychology"
34,"10.1037/xge0001302",1,10,-2.86,0.002,NA,0.7846,"Quinlan",2023,"Does a brief exposure to literary fiction improve social ability? Assessing the evidential value of published studies with a p-curve.","Journal of Experimental Psychology: General"
35,"10.1002/eat.23807",1,47,-5.67,1e-04,1.81,0.9646,"Enouy",2022,"A <i>p</i>‐curve analysis of the emotional Stroop effect among women with eating disorders","International Journal of Eating Disorders"
38,"10.1111/cdev.13850",1,282,-15.41,1e-04,NA,NA,"Sen",2022,"Methodological integrity assessment in the mobile paradigm literature: A lesson for understanding opportunistic use of researcher degrees of freedom in psychology","Child Development"
40,"10.1016/j.neubiorev.2022.104834",1,32,-2.72,0.003,-0.31,0.38,"Solana",2022,"Does the involvement of motor cortex in embodied language comprehension stand on solid ground? A p-curve analysis and test for excess significance of the TMS and tDCS evidence","Neuroscience &amp; Biobehavioral Reviews"
41,"10.1177/10888683221107267",1,41,NA,0.629,NA,1e-04,"Schindler",2022,"Do Salient Social Norms Moderate Mortality Salience Effects? A (Challenging) Meta-Analysis of Terror Management Studies","Personality and Social Psychology Review"
42,"10.1287/mnsc.2022.4484",1,5,-2.05,0.02,0.5,0.692,"Evangelidis",2023,"A Reexamination of the Impact of Decision Conflict on Choice Deferral","Management Science"
42,"10.1287/mnsc.2022.4484",2,13,-14.6,1e-04,10.87,0.9999,"Evangelidis",2023,"A Reexamination of the Impact of Decision Conflict on Choice Deferral","Management Science"
43,"10.1037/xap0000438",1,9,-6.49,1e-04,NA,0.9999,"Urumutta Hewage",2022,"Preference for experiences: Regulatory focus and the trade-offs between experiential and material purchases.","Journal of Experimental Psychology: Applied"
44,"10.3389/fpubh.2022.721223",1,8,NA,0.001,NA,0.9999,"Lin",2022,"Making Specific Plan Improves Physical Activity and Healthy Eating for Community-Dwelling Patients With Chronic Conditions: A Systematic Review and Meta-Analysis","Frontiers in Public Health"
46,"10.7759/cureus.22512",1,10,-3.05,0.0011,0.82,0.7948,"Wilde",2022,"Neonatal Jaundice and Autism: Precautionary Principle Invocation Overdue","Cureus"
47,"https://ijoc.org/index.php/ijoc/article/view/15570/3819",1,12,-2.36,0.0091,0.14,0.5567,"Tian",2022,"Quantifying the Evidential Value of Celebrity Endorsement: A p-Curve Analysis","International Journal of Communication"
47,"https://ijoc.org/index.php/ijoc/article/view/15570/3819",2,25,-15.66,1e-04,10.73,0.9999,"Tian",2022,"Quantifying the Evidential Value of Celebrity Endorsement: A p-Curve Analysis","International Journal of Communication"
50,"10.1007/s11031-021-09919-w",1,33,-3.05,0.0011,NA,0.3136,"Murphy",2021,"P-Curve analysis of autonomous and controlling motivation priming effects supports their evidential value","Motivation and Emotion"
50,"10.1007/s11031-021-09919-w",2,33,-3.12,1e-04,NA,0.5617,"Murphy",2021,"P-Curve analysis of autonomous and controlling motivation priming effects supports their evidential value","Motivation and Emotion"
51,"10.1037/xge0001148",1,30,NA,0.001,NA,0.9999,"Rösch",2022,"Promoting farsighted decisions via episodic future thinking: A meta-analysis.","Journal of Experimental Psychology: General"
52,"10.1111/bjso.12509",1,36,NA,1e-04,NA,0.9999,"Hsieh",2021,"What reduces prejudice in the real world? A meta‐analysis of prejudice reduction field experiments","British Journal of Social Psychology"
54,"10.1503/jpn.200031",1,9,-1.43,0.08,-0.32,0.3729,"Lutz",2021,"Diminished error-related negativity and error positivity in children and adults with externalizing problems and disorders: a meta-analysis on error processing","Journal of Psychiatry and Neuroscience"
54,"10.1503/jpn.200031",2,6,1,0.8411,-2.16,0.0153,"Lutz",2021,"Diminished error-related negativity and error positivity in children and adults with externalizing problems and disorders: a meta-analysis on error processing","Journal of Psychiatry and Neuroscience"
55,"10.1037/xlm0001087",1,6,0.43,0.6655,NA,0.0457,"Qiu",2021,"A multilevel meta-analysis on the causal effect of approximate number system training on symbolic math performance.","Journal of Experimental Psychology: Learning, Memory, and Cognition"
55,"10.1017/S0140525X16002120",1,9,NA,0.2062,NA,0.1186,"Inglis",2017,"Is the ANS linked to mathematics performance?","Behavioral and Brain Sciences"
56,"10.1007/s10508-021-02137-y",1,8,NA,1e-04,NA,0.9999,"Attard-Johnson",2021,"Measurement of Sexual Interests with Pupillary Responses: A Meta-Analysis","Archives of Sexual Behavior"
56,"10.1007/s10508-021-02137-y",2,6,NA,1e-04,NA,0.981,"Attard-Johnson",2021,"Measurement of Sexual Interests with Pupillary Responses: A Meta-Analysis","Archives of Sexual Behavior"
57,"10.1017/S0272263121000516",1,10,-8.28,1e-04,NA,0.9999,"Lindstromberg",2022,"p-Curving as a safeguard against p-hacking in SLA research: A case study","Studies in Second Language Acquisition"
59,"10.1177/09567976211006432",1,48,NA,1e-04,NA,0.9999,"Bierwiaczonek",2021,"Revisiting the Integration Hypothesis: Correlational and Longitudinal Meta-Analyses Demonstrate the Limited Role of Acculturation for Cross-Cultural Adaptation","Psychological Science"
59,"10.1177/09567976211006432",2,55,NA,1e-04,NA,0.9999,"Bierwiaczonek",2021,"Revisiting the Integration Hypothesis: Correlational and Longitudinal Meta-Analyses Demonstrate the Limited Role of Acculturation for Cross-Cultural Adaptation","Psychological Science"
59,"10.1177/09567976211006432",3,63,NA,1e-04,NA,0.9999,"Bierwiaczonek",2021,"Revisiting the Integration Hypothesis: Correlational and Longitudinal Meta-Analyses Demonstrate the Limited Role of Acculturation for Cross-Cultural Adaptation","Psychological Science"
59,"10.1177/09567976211006432",4,13,NA,1e-04,NA,0.9999,"Bierwiaczonek",2021,"Revisiting the Integration Hypothesis: Correlational and Longitudinal Meta-Analyses Demonstrate the Limited Role of Acculturation for Cross-Cultural Adaptation","Psychological Science"
59,"10.1177/09567976211006432",5,13,NA,2e-04,NA,0.8603,"Bierwiaczonek",2021,"Revisiting the Integration Hypothesis: Correlational and Longitudinal Meta-Analyses Demonstrate the Limited Role of Acculturation for Cross-Cultural Adaptation","Psychological Science"
59,"10.1177/09567976211006432",6,9,NA,0.0383,NA,0.436,"Bierwiaczonek",2021,"Revisiting the Integration Hypothesis: Correlational and Longitudinal Meta-Analyses Demonstrate the Limited Role of Acculturation for Cross-Cultural Adaptation","Psychological Science"
59,"10.1177/09567976211006432",7,8,NA,0.0821,NA,0.344,"Bierwiaczonek",2021,"Revisiting the Integration Hypothesis: Correlational and Longitudinal Meta-Analyses Demonstrate the Limited Role of Acculturation for Cross-Cultural Adaptation","Psychological Science"
59,"10.1177/09567976211006432",8,20,NA,1e-04,NA,0.9999,"Bierwiaczonek",2021,"Revisiting the Integration Hypothesis: Correlational and Longitudinal Meta-Analyses Demonstrate the Limited Role of Acculturation for Cross-Cultural Adaptation","Psychological Science"
59,"10.1177/09567976211006432",9,17,NA,1e-04,NA,0.9999,"Bierwiaczonek",2021,"Revisiting the Integration Hypothesis: Correlational and Longitudinal Meta-Analyses Demonstrate the Limited Role of Acculturation for Cross-Cultural Adaptation","Psychological Science"
59,"10.1177/09567976211006432",10,4,NA,1e-04,NA,0.9959,"Bierwiaczonek",2021,"Revisiting the Integration Hypothesis: Correlational and Longitudinal Meta-Analyses Demonstrate the Limited Role of Acculturation for Cross-Cultural Adaptation","Psychological Science"
59,"10.1177/09567976211006432",11,4,NA,0.0072,NA,0.8336,"Bierwiaczonek",2021,"Revisiting the Integration Hypothesis: Correlational and Longitudinal Meta-Analyses Demonstrate the Limited Role of Acculturation for Cross-Cultural Adaptation","Psychological Science"
59,"10.1177/09567976211006432",12,5,NA,0.3738,NA,0.1639,"Bierwiaczonek",2021,"Revisiting the Integration Hypothesis: Correlational and Longitudinal Meta-Analyses Demonstrate the Limited Role of Acculturation for Cross-Cultural Adaptation","Psychological Science"
59,"10.1177/09567976211006432",13,6,NA,0.0012,NA,0.8888,"Bierwiaczonek",2021,"Revisiting the Integration Hypothesis: Correlational and Longitudinal Meta-Analyses Demonstrate the Limited Role of Acculturation for Cross-Cultural Adaptation","Psychological Science"
60,"10.1186/s12936-021-03873-1",1,13,NA,1e-04,NA,0.9999,"Assefa",2021,"Efficacy of dihydroartemisinin-piperaquine versus artemether-lumefantrine for the treatment of uncomplicated Plasmodium falciparum malaria among children in Africa: a systematic review and meta-analysis of randomized control trials","Malaria Journal"
61,"10.1371/journal.pone.0253938",1,19,NA,1e-04,NA,0.9999,"Davydenko",2021,"A meta-analysis of financial self-control strategies: Comparing empirical findings with online media and lay person perspectives on what helps individuals curb spending and start saving","PLOS ONE"
64,"10.1093/scan/nsab067",1,17,-6.78,1e-04,3.54,0.9999,"Yuan",2021,"tDCS effect on prosocial behavior: a meta-analytic review","Social Cognitive and Affective Neuroscience"
64,"10.1093/scan/nsab067",2,11,-4.68,1e-04,2.13,0.983,"Yuan",2021,"tDCS effect on prosocial behavior: a meta-analytic review","Social Cognitive and Affective Neuroscience"
65,"10.3102/00346543211019105",1,67,NA,1e-04,NA,0.9999,"Sinha",2021,"When Problem Solving Followed by Instruction Works: Evidence for Productive Failure","Review of Educational Research"
68,"10.1093/abm/kaaa080",1,13,-13.2,1e-04,9.96,0.9999,"Hill",2020,"<i>P</i>-Curve Analysis of the Köhler Motivation Gain Effect in Exercise Settings: A Demonstration of a Novel Technique to Estimate Evidential Value Across Multiple Studies","Annals of Behavioral Medicine"
70,"10.1037/adb0000721",1,64,-41.64,1e-04,36.81,0.9999,"Montes",2021,"I am what I am: A meta-analysis of the association between substance user identities and substance use-related outcomes.","Psychology of Addictive Behaviors"
71,"10.1016/j.neubiorev.2021.04.006",1,48,-5.85,1e-04,NA,0.8909,"Hosseini-Kamkar",2021,"The differential calibration of the HPA axis as a function of trauma versus adversity: A systematic review and p-curve meta-analyses","Neuroscience &amp; Biobehavioral Reviews"
71,"10.1016/j.neubiorev.2021.04.006",2,22,-1.62,0.0531,NA,0.1236,"Hosseini-Kamkar",2021,"The differential calibration of the HPA axis as a function of trauma versus adversity: A systematic review and p-curve meta-analyses","Neuroscience &amp; Biobehavioral Reviews"
71,"10.1016/j.neubiorev.2021.04.006",3,16,-0.4,0.3456,-1.86,0.0313,"Hosseini-Kamkar",2021,"The differential calibration of the HPA axis as a function of trauma versus adversity: A systematic review and p-curve meta-analyses","Neuroscience &amp; Biobehavioral Reviews"
71,"10.1016/j.neubiorev.2021.04.006",4,15,-1.56,0.0598,NA,0.2043,"Hosseini-Kamkar",2021,"The differential calibration of the HPA axis as a function of trauma versus adversity: A systematic review and p-curve meta-analyses","Neuroscience &amp; Biobehavioral Reviews"
72,"10.1177/17470218211008895",1,48,-23.98,1e-04,NA,NA,"Burton",2021,"A meta-analytic investigation of the role of reward on inhibitory control","Quarterly Journal of Experimental Psychology"
73,"10.1016/j.jpain.2020.07.005",1,27,NA,1e-04,NA,0.9232,"Niederstrasser",2021,"Investigating the True Effect of Psychological Variables Measured Prior to Arthroplastic Surgery on Postsurgical Outcomes: A P-Curve Analysis","The Journal of Pain"
73,"10.1016/j.jpain.2020.07.005",2,14,NA,0.0195,NA,0.371,"Niederstrasser",2021,"Investigating the True Effect of Psychological Variables Measured Prior to Arthroplastic Surgery on Postsurgical Outcomes: A P-Curve Analysis","The Journal of Pain"
73,"10.1016/j.jpain.2020.07.005",3,6,NA,1e-04,NA,0.9999,"Niederstrasser",2021,"Investigating the True Effect of Psychological Variables Measured Prior to Arthroplastic Surgery on Postsurgical Outcomes: A P-Curve Analysis","The Journal of Pain"
73,"10.1016/j.jpain.2020.07.005",4,9,NA,0.0266,NA,0.4788,"Niederstrasser",2021,"Investigating the True Effect of Psychological Variables Measured Prior to Arthroplastic Surgery on Postsurgical Outcomes: A P-Curve Analysis","The Journal of Pain"
73,"10.1016/j.jpain.2020.07.005",5,6,NA,1e-04,NA,0.9998,"Niederstrasser",2021,"Investigating the True Effect of Psychological Variables Measured Prior to Arthroplastic Surgery on Postsurgical Outcomes: A P-Curve Analysis","The Journal of Pain"
73,"10.1016/j.jpain.2020.07.005",6,8,NA,0.0122,NA,0.6468,"Niederstrasser",2021,"Investigating the True Effect of Psychological Variables Measured Prior to Arthroplastic Surgery on Postsurgical Outcomes: A P-Curve Analysis","The Journal of Pain"
73,"10.1016/j.jpain.2020.07.005",7,10,NA,1e-04,NA,0.9944,"Niederstrasser",2021,"Investigating the True Effect of Psychological Variables Measured Prior to Arthroplastic Surgery on Postsurgical Outcomes: A P-Curve Analysis","The Journal of Pain"
73,"10.1016/j.jpain.2020.07.005",8,3,NA,8e-04,NA,0.9617,"Niederstrasser",2021,"Investigating the True Effect of Psychological Variables Measured Prior to Arthroplastic Surgery on Postsurgical Outcomes: A P-Curve Analysis","The Journal of Pain"
73,"10.1016/j.jpain.2020.07.005",9,3,NA,0.0157,NA,0.8151,"Niederstrasser",2021,"Investigating the True Effect of Psychological Variables Measured Prior to Arthroplastic Surgery on Postsurgical Outcomes: A P-Curve Analysis","The Journal of Pain"
76,"10.1017/S0140525X20000643",1,7,-1.87,0.0305,0.24,0.5958,"Lee",2021,"Grounded procedures in mind and society","Behavioral and Brain Sciences"
76,"10.1017/S0140525X20000448",1,6,1.340884,0.910021,-2.533881662,0.005640341,"Ropovik",2021,"The lack of robust evidence for cleansing effects","Behavioral and Brain Sciences"
77,"10.1080/16066359.2021.1876847",1,22,-12.97,1e-04,9.01,0.9999,"Jones",2021,"May I have your attention, please? Methodological and analytical flexibility in the addiction stroop","Addiction Research &amp; Theory"
77,"10.1080/16066359.2021.1876847",2,17,-3.99,1e-04,1.22,0.888,"Jones",2021,"May I have your attention, please? Methodological and analytical flexibility in the addiction stroop","Addiction Research &amp; Theory"
77,"10.1080/16066359.2021.1876847",3,13,-6.9,1e-04,4.18,0.9999,"Jones",2021,"May I have your attention, please? Methodological and analytical flexibility in the addiction stroop","Addiction Research &amp; Theory"
77,"10.1080/16066359.2021.1876847",4,5,-2.3,0.0106,0.74,0.7715,"Jones",2021,"May I have your attention, please? Methodological and analytical flexibility in the addiction stroop","Addiction Research &amp; Theory"
77,"10.1080/16066359.2021.1876847",5,10,-10.65,1e-04,8.03,0.9999,"Jones",2021,"May I have your attention, please? Methodological and analytical flexibility in the addiction stroop","Addiction Research &amp; Theory"
77,"10.1080/16066359.2021.1876847",6,8,-3.75,1e-04,1.47,0.9587,"Jones",2021,"May I have your attention, please? Methodological and analytical flexibility in the addiction stroop","Addiction Research &amp; Theory"
78,"10.1016/j.arr.2021.101269",1,9,-4.21,1e-04,1.91,0.972,"Aschwanden",2021,"Is personality associated with dementia risk? A meta-analytic investigation","Ageing Research Reviews"
78,"10.1016/j.arr.2021.101269",2,8,-6.4,1e-04,3.94,0.9999,"Aschwanden",2021,"Is personality associated with dementia risk? A meta-analytic investigation","Ageing Research Reviews"
79,"10.1109/ACII52823.2021.9597418",1,29,NA,3e-04,NA,NA,"Wessler",2021,"Empirical Research in Affective Computing: An Analysis of Research Practices and Recommendations","2021 9th International Conference on Affective Computing and Intelligent Interaction (ACII)"
80,"10.1037/pspa0000263",1,20,NA,1e-04,NA,0.9999,"Enisman",2021,"Choice changes preferences, not merely reflects them: A meta-analysis of the artifact-free free-choice paradigm.","Journal of Personality and Social Psychology"
81,"10.1371/journal.pone.0243821",1,8,-5.82,1e-04,3.66,0.9999,"Wright",2020,"Perceptual harmony in judgments of group prototypicality and intragroup respect","PLOS ONE"
82,"10.1521/soco.2020.38.6.521",1,14,0.64,0.7395,-2.62,0.0044,"Quinten",2020,"Letters to our Future Selves? High-Powered Replication Attempts Question Effects on Future Orientation, Delinquent Decisions, and Risky Investments","Social Cognition"
83,"10.1002/ab.21937",1,170,-9.09,1e-04,NA,0.8007,"West",2020,"<i>p</i>‐Curve analysis of the Taylor Aggression Paradigm: Estimating evidentiary value and statistical power across 50 years of research","Aggressive Behavior"
83,"10.1002/ab.21937",2,97,-9.89,1e-04,NA,0.9996,"West",2020,"<i>p</i>‐Curve analysis of the Taylor Aggression Paradigm: Estimating evidentiary value and statistical power across 50 years of research","Aggressive Behavior"
83,"10.1002/ab.21937",3,70,-2.21,0.0136,NA,0.0038,"West",2020,"<i>p</i>‐Curve analysis of the Taylor Aggression Paradigm: Estimating evidentiary value and statistical power across 50 years of research","Aggressive Behavior"
83,"10.1002/ab.21937",4,53,-8.07,1e-04,NA,0.999,"West",2020,"<i>p</i>‐Curve analysis of the Taylor Aggression Paradigm: Estimating evidentiary value and statistical power across 50 years of research","Aggressive Behavior"
83,"10.1002/ab.21937",5,44,-5.83,1e-04,NA,0.9394,"West",2020,"<i>p</i>‐Curve analysis of the Taylor Aggression Paradigm: Estimating evidentiary value and statistical power across 50 years of research","Aggressive Behavior"
83,"10.1002/ab.21937",6,60,-1.69,0.0459,NA,0.0029,"West",2020,"<i>p</i>‐Curve analysis of the Taylor Aggression Paradigm: Estimating evidentiary value and statistical power across 50 years of research","Aggressive Behavior"
83,"10.1002/ab.21937",7,89,-7.45,1e-04,NA,0.9124,"West",2020,"<i>p</i>‐Curve analysis of the Taylor Aggression Paradigm: Estimating evidentiary value and statistical power across 50 years of research","Aggressive Behavior"
84,"10.1111/puar.13273",1,35,-20.41,1e-04,14.21,0.9999,"Vogel",2020,"<scp><i>P</i>‐Hacking</scp>, <scp><i>P</i>‐Curves</scp>, and the <scp>PSM</scp>–Performance Relationship: Is There Evidential Value?","Public Administration Review"
85,"10.1016/j.dcn.2020.100828",1,6,NA,0.1115,NA,0.3741,"Meijer",2020,"The effects of physical activity on brain structure and neurophysiological functioning in children: A systematic review and meta-analysis","Developmental Cognitive Neuroscience"
85,"10.1016/j.dcn.2020.100828",2,3,NA,0.2135,NA,0.3888,"Meijer",2020,"The effects of physical activity on brain structure and neurophysiological functioning in children: A systematic review and meta-analysis","Developmental Cognitive Neuroscience"
85,"10.1016/j.dcn.2020.100828",3,2,NA,0.1138,NA,0.5992,"Meijer",2020,"The effects of physical activity on brain structure and neurophysiological functioning in children: A systematic review and meta-analysis","Developmental Cognitive Neuroscience"
85,"10.1016/j.dcn.2020.100828",4,3,NA,0.2253,NA,0.376,"Meijer",2020,"The effects of physical activity on brain structure and neurophysiological functioning in children: A systematic review and meta-analysis","Developmental Cognitive Neuroscience"
86,"10.1037/bul0000296",1,43,-5.4,0.001,NA,NA,"Rusz",2020,"Reward-driven distraction: A meta-analysis.","Psychological Bulletin"
89,"10.1177/1368430220957081",1,17,-2.41,0.008,-0.11,0.4575,"Huang",2020,"Assessing the evidence of perspective taking on stereotyping and negative evaluations: A <i>p</i>-curve analysis","Group Processes &amp; Intergroup Relations"
89,"10.1177/1368430220957081",2,15,-1.84,0.1564,-1.25,0.1062,"Huang",2020,"Assessing the evidence of perspective taking on stereotyping and negative evaluations: A <i>p</i>-curve analysis","Group Processes &amp; Intergroup Relations"
92,"10.1017/S000305542000012X",1,21,NA,1e-04,NA,0.9999,"Incerti",2020,"Corruption Information and Vote Share: A Meta-Analysis and Lessons for Experimental Design","American Political Science Review"
92,"10.1017/S000305542000012X",2,17,NA,1e-04,NA,0.9999,"Incerti",2020,"Corruption Information and Vote Share: A Meta-Analysis and Lessons for Experimental Design","American Political Science Review"
93,"10.1007/s10508-020-01795-8",NA,NA,NA,NA,NA,NA,"Sakaluk",2020,"Getting Serious About the Assessment and Promotion of Replicable Sexual Science: A Commentary on Wisman and Shrira (2020) and Lorenz (2020)","Archives of Sexual Behavior"
95,"10.1007/s10940-020-09459-5",NA,NA,NA,NA,NA,NA,"Wooditch",2020,"p-value Problems? An Examination of Evidential Value in Criminology","Journal of Quantitative Criminology"
98,"10.3389/fpsyg.2020.01012",1,6,-10.64,1e-04,7.97,0.9999,"Barrocas",2020,"Putting a Finger on Numerical Development – Reviewing the Contributions of Kindergarten Finger Gnosis and Fine Motor Skills to Numerical Abilities","Frontiers in Psychology"
99,"10.1177/1745691620903019",1,47,NA,1e-04,NA,0.9999,"Soutter",2020,"Big Five and HEXACO Personality Traits, Proenvironmental Attitudes, and Behaviors: A Meta-Analysis","Perspectives on Psychological Science"
99,"10.1177/1745691620903019",2,15,NA,1e-04,NA,0.9999,"Soutter",2020,"Big Five and HEXACO Personality Traits, Proenvironmental Attitudes, and Behaviors: A Meta-Analysis","Perspectives on Psychological Science"
99,"10.1177/1745691620903019",3,47,NA,1e-04,NA,0.9999,"Soutter",2020,"Big Five and HEXACO Personality Traits, Proenvironmental Attitudes, and Behaviors: A Meta-Analysis","Perspectives on Psychological Science"
99,"10.1177/1745691620903019",4,23,NA,1e-04,NA,0.9999,"Soutter",2020,"Big Five and HEXACO Personality Traits, Proenvironmental Attitudes, and Behaviors: A Meta-Analysis","Perspectives on Psychological Science"
99,"10.1177/1745691620903019",5,33,NA,1e-04,NA,0.9999,"Soutter",2020,"Big Five and HEXACO Personality Traits, Proenvironmental Attitudes, and Behaviors: A Meta-Analysis","Perspectives on Psychological Science"
99,"10.1177/1745691620903019",6,16,NA,1e-04,NA,0.9992,"Soutter",2020,"Big Five and HEXACO Personality Traits, Proenvironmental Attitudes, and Behaviors: A Meta-Analysis","Perspectives on Psychological Science"
99,"10.1177/1745691620903019",7,14,NA,1e-04,NA,0.9999,"Soutter",2020,"Big Five and HEXACO Personality Traits, Proenvironmental Attitudes, and Behaviors: A Meta-Analysis","Perspectives on Psychological Science"
99,"10.1177/1745691620903019",8,6,NA,1e-04,NA,0.9999,"Soutter",2020,"Big Five and HEXACO Personality Traits, Proenvironmental Attitudes, and Behaviors: A Meta-Analysis","Perspectives on Psychological Science"
99,"10.1177/1745691620903019",9,28,NA,1e-04,NA,0.9999,"Soutter",2020,"Big Five and HEXACO Personality Traits, Proenvironmental Attitudes, and Behaviors: A Meta-Analysis","Perspectives on Psychological Science"
99,"10.1177/1745691620903019",10,9,NA,0.5168,NA,0.0412,"Soutter",2020,"Big Five and HEXACO Personality Traits, Proenvironmental Attitudes, and Behaviors: A Meta-Analysis","Perspectives on Psychological Science"
99,"10.1177/1745691620903019",11,63,NA,1e-04,NA,0.9999,"Soutter",2020,"Big Five and HEXACO Personality Traits, Proenvironmental Attitudes, and Behaviors: A Meta-Analysis","Perspectives on Psychological Science"
99,"10.1177/1745691620903019",12,22,NA,1e-04,NA,0.9999,"Soutter",2020,"Big Five and HEXACO Personality Traits, Proenvironmental Attitudes, and Behaviors: A Meta-Analysis","Perspectives on Psychological Science"
100,"10.1016/j.obhdp.2020.02.006",1,6,-10.84,0.001,NA,NA,"Sherman",2020,"The moral psychology of continuation decisions: A recipe for moral disengagement","Organizational Behavior and Human Decision Processes"
100,"10.1016/j.obhdp.2020.02.006",2,3,-5.11,0.001,NA,NA,"Sherman",2020,"The moral psychology of continuation decisions: A recipe for moral disengagement","Organizational Behavior and Human Decision Processes"
100,"10.1016/j.obhdp.2020.02.006",3,4,-2.6,0.005,NA,NA,"Sherman",2020,"The moral psychology of continuation decisions: A recipe for moral disengagement","Organizational Behavior and Human Decision Processes"
101,"10.1080/17437199.2019.1669482",1,11,NA,0.3508,NA,0.0728,"Veling",2019,"Updating the p-curve analysis of Carbine and Larson with results from preregistered experiments","Health Psychology Review"
101,"10.1080/17437199.2019.1669482",2,16,NA,2e-04,NA,0.832,"Veling",2019,"Updating the p-curve analysis of Carbine and Larson with results from preregistered experiments","Health Psychology Review"
103,"10.1093/hcr/hqaa005",1,26,-14.65,1e-04,NA,0.9999,"Tokunaga",2020,"Is Pornography Consumption a Risk Factor for Condomless Sex?","Human Communication Research"
104,"10.1016/j.ijpsycho.2020.01.005",1,20,NA,0.0394,NA,0.2102,"Clayson",2020,"A registered report of error-related negativity and reward positivity as biomarkers of depression: P-Curving the evidence","International Journal of Psychophysiology"
104,"10.1016/j.ijpsycho.2020.01.005",2,27,NA,0.003,NA,0.3212,"Clayson",2020,"A registered report of error-related negativity and reward positivity as biomarkers of depression: P-Curving the evidence","International Journal of Psychophysiology"
106,"10.1007/s10648-019-09492-2",1,NA,NA,NA,NA,NA,NA,2019,"Facilitating Diagnostic Competences in Higher Education—a Meta-Analysis in Medical and Teacher Education","Educational Psychology Review"
107,"10.1016/j.paid.2019.109539",NA,NA,NA,NA,NA,NA,"Pletzer",2020,"Comparing domain- and facet-level relations of the HEXACO personality model with workplace deviance: A meta-analysis","Personality and Individual Differences"
108,"10.1111/idh.12423",1,7,NA,1e-04,NA,0.9994,"Valkenburg",2019,"What is the effect of active ingredients in dentifrice on inhibiting the regrowth of overnight plaque? A systematic review","International Journal of Dental Hygiene"
109,"10.1016/j.neubiorev.2019.08.016",1,20,NA,1e-04,NA,0.9999,"Boudesseul",2019,"Do women expose themselves to more health-related risks in certain phases of the menstrual cycle? A meta-analytic review","Neuroscience &amp; Biobehavioral Reviews"
109,"10.1016/j.neubiorev.2019.08.016",2,22,NA,1e-04,NA,0.9999,"Boudesseul",2019,"Do women expose themselves to more health-related risks in certain phases of the menstrual cycle? A meta-analytic review","Neuroscience &amp; Biobehavioral Reviews"
109,"10.1016/j.neubiorev.2019.08.016",3,21,NA,1e-04,NA,0.9999,"Boudesseul",2019,"Do women expose themselves to more health-related risks in certain phases of the menstrual cycle? A meta-analytic review","Neuroscience &amp; Biobehavioral Reviews"
109,"10.1016/j.neubiorev.2019.08.016",4,13,NA,1e-04,NA,0.9999,"Boudesseul",2019,"Do women expose themselves to more health-related risks in certain phases of the menstrual cycle? A meta-analytic review","Neuroscience &amp; Biobehavioral Reviews"
110,"10.1177/0146167219841621",1,14,NA,1e-04,NA,0.9999,"Priolo",2019,"Three Decades of Research on Induced Hypocrisy: A Meta-Analysis","Personality and Social Psychology Bulletin"
110,"10.1177/0146167219841621",2,5,NA,0.0087,NA,0.7729,"Priolo",2019,"Three Decades of Research on Induced Hypocrisy: A Meta-Analysis","Personality and Social Psychology Bulletin"
110,"10.1177/0146167219841621",3,8,NA,1e-04,NA,0.9614,"Priolo",2019,"Three Decades of Research on Induced Hypocrisy: A Meta-Analysis","Personality and Social Psychology Bulletin"
111,"10.1002/cl2.1059",1,27,-6.28,1e-04,NA,0.9944,"Rogde",2019,"The effect of linguistic comprehension instruction on generalized language and reading comprehension skills: A systematic review","Campbell Systematic Reviews"
112,"10.1037/mot0000121",1,4,-3.35,4e-04,1.91,0.97,"Howansky",2019,"The look of success or failure: Biased self-perceptions serve as informational feedback during goal pursuit.","Motivation Science"
113,"10.1016/j.psyneuen.2019.104435",1,7,-1.88,0.03,NA,NA,"Meijer",2019,"Challenging the challenge hypothesis on testosterone in fathers: Limited meta-analytic support","Psychoneuroendocrinology"
114,"10.1037/pspa0000171",1,10,-12.38,1e-04,9.26,0.9999,"Yeager",2019,"Moderation of classic social psychological effects by demographics in the U.S. adult population: New opportunities for theoretical advancement.","Journal of Personality and Social Psychology"
114,"10.1037/pspa0000171",2,75,-27.06,1e-04,19.94,0.9999,"Yeager",2019,"Moderation of classic social psychological effects by demographics in the U.S. adult population: New opportunities for theoretical advancement.","Journal of Personality and Social Psychology"
115,"10.1016/j.jesp.2019.103889",1,3,-4.22,1e-04,NA,0.9999,"Krpan",2019,"Revisiting embodied approach and avoidance effects on behavior: The influence of sitting posture on purchases of rewarding foods","Journal of Experimental Social Psychology"
116,"10.1287/orsc.2019.1289",1,8,-2.18,0.015,NA,NA,"Reiche",2019,"Head, Heart, or Hands: How Do Employees Respond to a Radical Global Language Change over Time?","Organization Science"
117,"10.1037/bul0000209",1,44,-16.89,1e-04,11.55,0.9999,"Brunmair",2019,"Similarity matters: A meta-analysis of interleaved learning and its moderators.","Psychological Bulletin"
118,"10.1016/j.chb.2019.06.015",1,105,-16.21,1e-04,8.68,0.9999,"Lanier",2019,"Virtual reality check: Statistical power, reported results, and the validity of research on the psychology of virtual reality and immersive environments","Computers in Human Behavior"
119,"10.1111/bjop.12428",1,6,-3.48,0.003,NA,NA,"Pittarello",2019,"‘Three is better than two’: Increasing donations with the attraction effect","British Journal of Psychology"
121,"10.1093/analys/anz007",1,569,NA,1e-04,NA,0.9999,"Stuart",2019,"P-curving x-phi: Does experimental philosophy have evidential value?","Analysis"
121,"10.1093/analys/anz007",2,27,NA,1e-04,NA,0.9999,"Stuart",2019,"P-curving x-phi: Does experimental philosophy have evidential value?","Analysis"
121,"10.1093/analys/anz007",3,148,NA,1e-04,NA,0.9999,"Stuart",2019,"P-curving x-phi: Does experimental philosophy have evidential value?","Analysis"
121,"10.1093/analys/anz007",4,357,NA,1e-04,NA,0.9999,"Stuart",2019,"P-curving x-phi: Does experimental philosophy have evidential value?","Analysis"
123,"10.1016/j.neubiorev.2019.07.006",1,11,-0.98,0.1634,-0.95,0.1698,"Liu",2019,"Is (poly-) substance use associated with impaired inhibitory control? A mega-analysis controlling for confounders","Neuroscience &amp; Biobehavioral Reviews"
124,"10.1037/bul0000206",1,9,-3.61,2e-04,NA,0.9414,"Nitschke",2019,"A meta-analysis of the emotional victim effect for female adult rape complainants: Does complainant distress influence credibility?","Psychological Bulletin"
126,"10.1111/desc.12897",1,12,NA,1e-04,NA,0.985,"Smyth",2019,"Do infants have a sense of numerosity? A p‐curve analysis of infant numerosity discrimination studies","Developmental Science"
126,"10.1111/desc.12897",2,5,NA,1e-04,NA,0.9989,"Smyth",2019,"Do infants have a sense of numerosity? A p‐curve analysis of infant numerosity discrimination studies","Developmental Science"
126,"10.1111/desc.12897",3,23,NA,1e-04,NA,0.857,"Smyth",2019,"Do infants have a sense of numerosity? A p‐curve analysis of infant numerosity discrimination studies","Developmental Science"
126,"10.1111/desc.12897",4,6,NA,7e-04,NA,0.9664,"Smyth",2019,"Do infants have a sense of numerosity? A p‐curve analysis of infant numerosity discrimination studies","Developmental Science"
128,"10.1016/j.ijpsycho.2019.06.004",1,21,-9.39,1e-04,5.73,0.9999,"Carbine",2019,"Quantifying evidential value and selective reporting in recent and 10-year past psychophysiological literature: A pre-registered P-curve analysis","International Journal of Psychophysiology"
128,"10.1016/j.ijpsycho.2019.06.004",2,13,-4.75,1e-04,2.23,0.987,"Carbine",2019,"Quantifying evidential value and selective reporting in recent and 10-year past psychophysiological literature: A pre-registered P-curve analysis","International Journal of Psychophysiology"
128,"10.1016/j.ijpsycho.2019.06.004",3,12,-9.68,1e-04,6.63,0.9999,"Carbine",2019,"Quantifying evidential value and selective reporting in recent and 10-year past psychophysiological literature: A pre-registered P-curve analysis","International Journal of Psychophysiology"
128,"10.1016/j.ijpsycho.2019.06.004",4,7,-3.53,2e-04,1.61,0.9468,"Carbine",2019,"Quantifying evidential value and selective reporting in recent and 10-year past psychophysiological literature: A pre-registered P-curve analysis","International Journal of Psychophysiology"
128,"10.1016/j.ijpsycho.2019.06.004",5,2,-0.11,0.4568,-0.67,0.2515,"Carbine",2019,"Quantifying evidential value and selective reporting in recent and 10-year past psychophysiological literature: A pre-registered P-curve analysis","International Journal of Psychophysiology"
128,"10.1016/j.ijpsycho.2019.06.004",6,22,-8.36,1e-04,5.01,0.9999,"Carbine",2019,"Quantifying evidential value and selective reporting in recent and 10-year past psychophysiological literature: A pre-registered P-curve analysis","International Journal of Psychophysiology"
128,"10.1016/j.ijpsycho.2019.06.004",7,17,-6.17,1e-04,3.41,0.9997,"Carbine",2019,"Quantifying evidential value and selective reporting in recent and 10-year past psychophysiological literature: A pre-registered P-curve analysis","International Journal of Psychophysiology"
128,"10.1016/j.ijpsycho.2019.06.004",8,14,-7.88,1e-04,5.07,0.9999,"Carbine",2019,"Quantifying evidential value and selective reporting in recent and 10-year past psychophysiological literature: A pre-registered P-curve analysis","International Journal of Psychophysiology"
128,"10.1016/j.ijpsycho.2019.06.004",9,4,-3.29,5e-04,1.97,0.9757,"Carbine",2019,"Quantifying evidential value and selective reporting in recent and 10-year past psychophysiological literature: A pre-registered P-curve analysis","International Journal of Psychophysiology"
128,"10.1016/j.ijpsycho.2019.06.004",10,4,-1.57,0.0586,0.3,0.6172,"Carbine",2019,"Quantifying evidential value and selective reporting in recent and 10-year past psychophysiological literature: A pre-registered P-curve analysis","International Journal of Psychophysiology"
130,"10.1177/1745691619851778",1,30,-3.89,0.001,NA,0.5915,"Köbis",2019,"Intuitive Honesty Versus Dishonesty: Meta-Analytic Evidence","Perspectives on Psychological Science"
130,"10.1177/1745691619851778",2,16,-3.08,0.001,NA,0.6578,"Köbis",2019,"Intuitive Honesty Versus Dishonesty: Meta-Analytic Evidence","Perspectives on Psychological Science"
131,"10.1080/17437199.2019.1622144",1,9,-0.75,0.228,-0.97,0.1655,"Carbine",2019,"Quantifying the presence of evidential value and selective reporting in food-related inhibitory control training: a<i>p</i>-curve analysis","Health Psychology Review"
134,"10.1016/j.evolhumbehav.2019.01.006",1,8,-2.81,0.0025,0.83,0.7954,"Dear",2019,"Do ‘watching eyes’ influence antisocial behavior? A systematic review &amp; meta-analysis","Evolution and Human Behavior"
135,"10.1093/esr/jcy053",NA,NA,NA,NA,NA,NA,"Heisig",2019,"Why You Should <i>Always</i> Include a Random Slope for the Lower-Level Variable Involved in a Cross-Level Interaction","European Sociological Review"
136,"10.1037/xge0000527",1,29,NA,1e-04,NA,0.6081,"Sundie",2019,"Moving beyond unwise replication practices: The case of romantic motivation.","Journal of Experimental Psychology: General"
139,"10.1007/s00426-018-1066-8",1,29,-7.99,1e-04,NA,0.9999,"Garcia-Argibay",2018,"Efficacy of binaural auditory beats in cognition, anxiety, and pain perception: a meta-analysis","Psychological Research"
140,"10.1016/j.infbeh.2018.09.009",1,33,NA,1e-04,NA,0.7435,"Rubio-Fernández",2019,"Publication standards in infancy research: Three ways to make Violation-of-Expectation studies more reliable","Infant Behavior and Development"
140,"10.1016/j.infbeh.2018.09.009",2,20,NA,1e-04,NA,0.8647,"Rubio-Fernández",2019,"Publication standards in infancy research: Three ways to make Violation-of-Expectation studies more reliable","Infant Behavior and Development"
140,"10.1016/j.infbeh.2018.09.009",3,13,NA,0.04,NA,0.373,"Rubio-Fernández",2019,"Publication standards in infancy research: Three ways to make Violation-of-Expectation studies more reliable","Infant Behavior and Development"
142,"10.1002/aur.2055",1,NA,NA,NA,NA,NA,"Bottema‐beutel",2018,"A systematic review and meta‐regression analysis of social functioning correlates in autism and typical development","Autism Research"
143,"10.7717/peerj.6318",1,19,NA,0.22,NA,0.0368,"Reisman",2019,"<i>P</i>-curve accurately rejects evidence for homeopathic ultramolecular dilutions","PeerJ"
144,"10.7717/peerj.6318",1,7,-0.69,0.2465,NA,0.2035,"Reisman",2019,"<i>P</i>-curve accurately rejects evidence for homeopathic ultramolecular dilutions","PeerJ"
145,"10.1111/desc.12704",1,36,NA,0.001,NA,NA,"Rabagliati",2018,"The profile of abstract rule learning in infancy: Meta‐analytic and experimental evidence","Developmental Science"
145,"10.1111/desc.12704",2,18,NA,1e-04,NA,NA,"Rabagliati",2018,"The profile of abstract rule learning in infancy: Meta‐analytic and experimental evidence","Developmental Science"
145,"10.1111/desc.12704",3,18,NA,1e-04,NA,NA,"Rabagliati",2018,"The profile of abstract rule learning in infancy: Meta‐analytic and experimental evidence","Developmental Science"
145,"10.1111/desc.12704",4,26,NA,0.001,NA,NA,"Rabagliati",2018,"The profile of abstract rule learning in infancy: Meta‐analytic and experimental evidence","Developmental Science"
145,"10.1111/desc.12704",5,10,NA,0.01,NA,0.31,"Rabagliati",2018,"The profile of abstract rule learning in infancy: Meta‐analytic and experimental evidence","Developmental Science"
146,"10.1016/j.neubiorev.2018.12.004",1,14,-1.32,0.0927,-0.89,0.1857,"Dekkers",2019,"A meta-analytical evaluation of the dual-hormone hypothesis: Does cortisol moderate the relationship between testosterone and status, dominance, risk taking, aggression, and psychopathy?","Neuroscience &amp; Biobehavioral Reviews"
147,"10.1016/j.compedu.2018.08.024",1,15,NA,1e-04,NA,0.9999,"Liu",2018,"A meta-analysis of Social Network Site use and social support","Computers &amp; Education"
152,"10.1177/0956797618774253",1,18,-18.5,1e-04,16.12,0.9999,"Ritchie",2018,"How Much Does Education Improve Intelligence? A Meta-Analysis","Psychological Science"
152,"10.1177/0956797618774253",2,13,-15.59,1e-04,13.83,0.9999,"Ritchie",2018,"How Much Does Education Improve Intelligence? A Meta-Analysis","Psychological Science"
152,"10.1177/0956797618774253",3,67,-43.72,1e-04,38.26,0.9999,"Ritchie",2018,"How Much Does Education Improve Intelligence? A Meta-Analysis","Psychological Science"
153,"10.1016/j.neubiorev.2018.05.003",1,19,NA,1e-04,NA,0.9797,"Kurath",2018,"Individual differences in risk taking and endogeneous levels of testosterone, estradiol, and cortisol: A systematic literature search and three independent meta-analyses","Neuroscience &amp; Biobehavioral Reviews"
153,"10.1016/j.neubiorev.2018.05.003",2,8,NA,2e-04,NA,0.9386,"Kurath",2018,"Individual differences in risk taking and endogeneous levels of testosterone, estradiol, and cortisol: A systematic literature search and three independent meta-analyses","Neuroscience &amp; Biobehavioral Reviews"
153,"10.1016/j.neubiorev.2018.05.003",3,37,NA,1e-04,NA,0.9999,"Kurath",2018,"Individual differences in risk taking and endogeneous levels of testosterone, estradiol, and cortisol: A systematic literature search and three independent meta-analyses","Neuroscience &amp; Biobehavioral Reviews"
154,"10.3758/s13423-017-1346-0",1,73,-15.05,1e-04,8.7,0.9999,"Scofield",2017,"A meta-analysis of the survival-processing advantage in memory","Psychonomic Bulletin &amp; Review"
155,"10.1037/bul0000143",1,16,NA,1e-04,NA,0.9996,"Cracco",2018,"Automatic imitation: A meta-analysis.","Psychological Bulletin"
155,"10.1037/bul0000143",2,4,NA,0.0016,NA,0.9653,"Cracco",2018,"Automatic imitation: A meta-analysis.","Psychological Bulletin"
155,"10.1037/bul0000143",3,4,NA,0.3649,-0.67,0.2506,"Cracco",2018,"Automatic imitation: A meta-analysis.","Psychological Bulletin"
156,"10.1098/rsos.171127",1,14,-1.02,0.1545,-1.23,0.1087,"Harms",2018,"Does it actually feel right? A replication attempt of the rounded price effect","Royal Society Open Science"
157,"10.1177/0956797617746749",1,42,NA,1e-04,NA,0.8003,"Cuddy",2018,"<i>P</i>-Curving a More Comprehensive Body of Research on Postural Feedback Reveals Clear Evidential Value for Power-Posing Effects: Reply to Simmons and Simonsohn (2017)","Psychological Science"
157,"10.1177/0956797617746749",2,11,NA,3e-04,NA,0.8803,"Cuddy",2018,"<i>P</i>-Curving a More Comprehensive Body of Research on Postural Feedback Reveals Clear Evidential Value for Power-Posing Effects: Reply to Simmons and Simonsohn (2017)","Psychological Science"
157,"10.1177/0956797617746749",3,13,NA,1e-04,NA,0.9999,"Cuddy",2018,"<i>P</i>-Curving a More Comprehensive Body of Research on Postural Feedback Reveals Clear Evidential Value for Power-Posing Effects: Reply to Simmons and Simonsohn (2017)","Psychological Science"
157,"10.1177/0956797617746749",4,19,NA,0.3601,NA,0.004,"Cuddy",2018,"<i>P</i>-Curving a More Comprehensive Body of Research on Postural Feedback Reveals Clear Evidential Value for Power-Posing Effects: Reply to Simmons and Simonsohn (2017)","Psychological Science"
158,"10.1080/10400419.2018.1411436",1,NA,NA,NA,NA,NA,"Haase",2018,"A Meta-Analysis of the Relation between Creative Self-Efficacy and Different Creativity Measurements","Creativity Research Journal"
159,"10.1016/j.ijhm.2017.10.004",1,49,-12.27,1e-04,NA,NA,"Lynn",2018,"Are published techniques for increasing service-gratuities/tips effective? P-curving and R-indexing the evidence","International Journal of Hospitality Management"
159,"10.1016/j.ijhm.2017.10.004",2,28,-9.64,1e-04,NA,NA,"Lynn",2018,"Are published techniques for increasing service-gratuities/tips effective? P-curving and R-indexing the evidence","International Journal of Hospitality Management"
159,"10.1016/j.ijhm.2017.10.004",3,21,-7.64,1e-04,NA,NA,"Lynn",2018,"Are published techniques for increasing service-gratuities/tips effective? P-curving and R-indexing the evidence","International Journal of Hospitality Management"
159,"10.1016/j.ijhm.2017.10.004",4,13,-2.97,0.0015,NA,NA,"Lynn",2018,"Are published techniques for increasing service-gratuities/tips effective? P-curving and R-indexing the evidence","International Journal of Hospitality Management"
159,"10.1016/j.ijhm.2017.10.004",5,7,-7.45,1e-04,NA,NA,"Lynn",2018,"Are published techniques for increasing service-gratuities/tips effective? P-curving and R-indexing the evidence","International Journal of Hospitality Management"
159,"10.1016/j.ijhm.2017.10.004",6,2,-6.6,1e-04,NA,NA,"Lynn",2018,"Are published techniques for increasing service-gratuities/tips effective? P-curving and R-indexing the evidence","International Journal of Hospitality Management"
159,"10.1016/j.ijhm.2017.10.004",7,8,-3.92,1e-04,NA,NA,"Lynn",2018,"Are published techniques for increasing service-gratuities/tips effective? P-curving and R-indexing the evidence","International Journal of Hospitality Management"
159,"10.1016/j.ijhm.2017.10.004",8,19,-8.85,1e-04,NA,NA,"Lynn",2018,"Are published techniques for increasing service-gratuities/tips effective? P-curving and R-indexing the evidence","International Journal of Hospitality Management"
160,"10.1027/2151-2604/a000321",1,81,-24.11,1e-04,NA,0.9999,"Steiger",2018,"A Meta-Analytic Re-Appraisal of the Framing Effect","Zeitschrift für Psychologie"
160,"10.1027/2151-2604/a000321",2,12,NA,1e-04,NA,0.9994,"Steiger",2018,"A Meta-Analytic Re-Appraisal of the Framing Effect","Zeitschrift für Psychologie"
161,"10.1155/2018/2984671",1,6,-3.56,2e-04,1.67,0.953,"Kelley",2018,"Brief Report: Exercise and Anxiety in Adults with Arthritis and Other Rheumatic Diseases: Support for Evidential Value","BioMed Research International"
162,"10.1016/j.lindif.2017.11.015",1,9,-9.56,0.001,NA,NA,"Talsma",2018,"I believe, therefore I achieve (and vice versa): A meta-analytic cross-lagged panel analysis of self-efficacy and academic performance","Learning and Individual Differences"
162,"10.1016/j.lindif.2017.11.015",2,9,-6.02,0.001,NA,NA,"Talsma",2018,"I believe, therefore I achieve (and vice versa): A meta-analytic cross-lagged panel analysis of self-efficacy and academic performance","Learning and Individual Differences"
162,"10.1016/j.lindif.2017.11.015",3,10,-13.31,0.001,NA,NA,"Talsma",2018,"I believe, therefore I achieve (and vice versa): A meta-analytic cross-lagged panel analysis of self-efficacy and academic performance","Learning and Individual Differences"
162,"10.1016/j.lindif.2017.11.015",4,10,-7.98,0.001,NA,NA,"Talsma",2018,"I believe, therefore I achieve (and vice versa): A meta-analytic cross-lagged panel analysis of self-efficacy and academic performance","Learning and Individual Differences"
162,"10.1016/j.lindif.2017.11.015",5,11,-19.99,0.001,NA,NA,"Talsma",2018,"I believe, therefore I achieve (and vice versa): A meta-analytic cross-lagged panel analysis of self-efficacy and academic performance","Learning and Individual Differences"
162,"10.1016/j.lindif.2017.11.015",6,10,-17.58,0.001,NA,NA,"Talsma",2018,"I believe, therefore I achieve (and vice versa): A meta-analytic cross-lagged panel analysis of self-efficacy and academic performance","Learning and Individual Differences"
167,"10.1177/1088868316656701",1,40,-21.24,1e-04,15.18,0.9999,"Steffens",2016,"A Meta-Analytic Review of Social Identification and Health in Organizational Contexts","Personality and Social Psychology Review"
168,"10.1177/0956797617714579",1,16,NA,0.1,NA,NA,"Chan",2017,"Debunking: A Meta-Analysis of the Psychological Efficacy of Messages Countering Misinformation","Psychological Science"
168,"10.1177/0956797617714579",2,35,NA,0.1,NA,NA,"Chan",2017,"Debunking: A Meta-Analysis of the Psychological Efficacy of Messages Countering Misinformation","Psychological Science"
168,"10.1177/0956797617714579",3,NA,NA,0.1,NA,NA,"Chan",2017,"Debunking: A Meta-Analysis of the Psychological Efficacy of Messages Countering Misinformation","Psychological Science"
169,"10.1016/j.biopsycho.2017.08.058",1,37,NA,0.001,NA,NA,"Boggero",2017,"Psychosocial functioning and the cortisol awakening response: Meta-analysis, P-curve analysis, and evaluation of the evidential value in existing studies","Biological Psychology"
169,"10.1016/j.biopsycho.2017.08.058",2,42,NA,0.001,NA,NA,"Boggero",2017,"Psychosocial functioning and the cortisol awakening response: Meta-analysis, P-curve analysis, and evaluation of the evidential value in existing studies","Biological Psychology"
169,"10.1016/j.biopsycho.2017.08.058",3,19,NA,0.008,NA,NA,"Boggero",2017,"Psychosocial functioning and the cortisol awakening response: Meta-analysis, P-curve analysis, and evaluation of the evidential value in existing studies","Biological Psychology"
169,"10.1016/j.biopsycho.2017.08.058",4,19,NA,0.006,NA,NA,"Boggero",2017,"Psychosocial functioning and the cortisol awakening response: Meta-analysis, P-curve analysis, and evaluation of the evidential value in existing studies","Biological Psychology"
170,"10.1093/chemse/bjx049",1,30,NA,1e-04,NA,0.9999,"De Groot",2017,"Human Fear Chemosignaling: Evidence from a Meta-Analysis","Chemical Senses"
171,"10.1016/j.cortex.2017.06.021",1,30,-0.71,0.2385,-2.02,0.0217,"Medina",2017,"No evidential value in samples of transcranial direct current stimulation (tDCS) studies of cognition and working memory in healthy populations","Cortex"
171,"10.1016/j.cortex.2017.06.021",2,22,-0.07,0.4712,-2.24,0.0125,"Medina",2017,"No evidential value in samples of transcranial direct current stimulation (tDCS) studies of cognition and working memory in healthy populations","Cortex"
172,"10.1016/j.intell.2017.06.004",1,19,-5.34,1e-04,NA,0.9903,"Gignac",2017,"Brain volume and intelligence: The moderating role of intelligence measurement quality","Intelligence"
173,"10.3390/sym9070098",1,34,-3.19,0.001,NA,NA,"Grebe",2017,"p-Curve and Selection Methods as Meta-Analytic Supplements for Biologists: A Demonstration of Effect Size Estimation in Studies of Human Fluctuating Asymmetry","Symmetry"
173,"10.3390/sym9070098",2,32,-3,0.001,NA,NA,"Grebe",2017,"p-Curve and Selection Methods as Meta-Analytic Supplements for Biologists: A Demonstration of Effect Size Estimation in Studies of Human Fluctuating Asymmetry","Symmetry"
173,"10.3390/sym9070098",3,5,-0.12,0.55,NA,NA,"Grebe",2017,"p-Curve and Selection Methods as Meta-Analytic Supplements for Biologists: A Demonstration of Effect Size Estimation in Studies of Human Fluctuating Asymmetry","Symmetry"
173,"10.3390/sym9070098",4,4,-0.87,0.19,NA,NA,"Grebe",2017,"p-Curve and Selection Methods as Meta-Analytic Supplements for Biologists: A Demonstration of Effect Size Estimation in Studies of Human Fluctuating Asymmetry","Symmetry"
173,"10.3390/sym9070098",5,5,-1.8,0.04,NA,NA,"Grebe",2017,"p-Curve and Selection Methods as Meta-Analytic Supplements for Biologists: A Demonstration of Effect Size Estimation in Studies of Human Fluctuating Asymmetry","Symmetry"
173,"10.3390/sym9070098",6,11,-3.44,0.001,NA,NA,"Grebe",2017,"p-Curve and Selection Methods as Meta-Analytic Supplements for Biologists: A Demonstration of Effect Size Estimation in Studies of Human Fluctuating Asymmetry","Symmetry"
173,"10.3390/sym9070098",7,7,-1.88,0.03,NA,NA,"Grebe",2017,"p-Curve and Selection Methods as Meta-Analytic Supplements for Biologists: A Demonstration of Effect Size Estimation in Studies of Human Fluctuating Asymmetry","Symmetry"
174,"10.1037/pspa0000084",1,NA,NA,NA,NA,NA,"Motyl",2017,"The state of social and personality science: Rotten to the core, not so bad, getting better, or getting worse?","Journal of Personality and Social Psychology"
175,"10.1177/0956797616658563",1,24,0.32,0.6254,-2.95,0.0016,"Simmons",2017,"Power Posing: <i>P-</i>Curving the Evidence","Psychological Science"
176,"10.1037/dev0000265",1,9,-3.39,3e-04,NA,0.8872,"Sala",2017,"Working memory training in typically developing children: A meta-analysis of the available evidence.","Developmental Psychology"
176,"10.1037/dev0000265",2,3,-1.4,0.081,NA,NA,"Sala",2017,"Working memory training in typically developing children: A meta-analysis of the available evidence.","Developmental Psychology"
181,"10.1016/j.jcrimjus.2016.06.004",1,NA,-3.96,0.001,2.03,NA,"Collins",2016,"Addressing the inconsistencies in fear of crime research: A meta-analytic review","Journal of Criminal Justice"
181,"10.1016/j.jcrimjus.2016.06.004",2,NA,3.71,NA,-4.1,0.001,"Collins",2016,"Addressing the inconsistencies in fear of crime research: A meta-analytic review","Journal of Criminal Justice"
181,"10.1016/j.jcrimjus.2016.06.004",3,NA,3.76,NA,-3.95,0.001,"Collins",2016,"Addressing the inconsistencies in fear of crime research: A meta-analytic review","Journal of Criminal Justice"
181,"10.1016/j.jcrimjus.2016.06.004",4,NA,-1.98,0.05,0.13,NA,"Collins",2016,"Addressing the inconsistencies in fear of crime research: A meta-analytic review","Journal of Criminal Justice"
181,"10.1016/j.jcrimjus.2016.06.004",5,NA,-2.27,0.05,-0.19,NA,"Collins",2016,"Addressing the inconsistencies in fear of crime research: A meta-analytic review","Journal of Criminal Justice"
181,"10.1016/j.jcrimjus.2016.06.004",6,NA,-3.97,0.001,1.23,NA,"Collins",2016,"Addressing the inconsistencies in fear of crime research: A meta-analytic review","Journal of Criminal Justice"
181,"10.1016/j.jcrimjus.2016.06.004",7,NA,-2.63,0.01,-0.41,NA,"Collins",2016,"Addressing the inconsistencies in fear of crime research: A meta-analytic review","Journal of Criminal Justice"
181,"10.1016/j.jcrimjus.2016.06.004",8,NA,-3.32,0.001,0.74,NA,"Collins",2016,"Addressing the inconsistencies in fear of crime research: A meta-analytic review","Journal of Criminal Justice"
181,"10.1016/j.jcrimjus.2016.06.004",9,NA,-2.13,0.05,-0.38,NA,"Collins",2016,"Addressing the inconsistencies in fear of crime research: A meta-analytic review","Journal of Criminal Justice"
181,"10.1016/j.jcrimjus.2016.06.004",10,NA,-2.61,0.01,0.29,NA,"Collins",2016,"Addressing the inconsistencies in fear of crime research: A meta-analytic review","Journal of Criminal Justice"
181,"10.1016/j.jcrimjus.2016.06.004",11,NA,-1.69,0.05,-1.01,NA,"Collins",2016,"Addressing the inconsistencies in fear of crime research: A meta-analytic review","Journal of Criminal Justice"
181,"10.1016/j.jcrimjus.2016.06.004",12,NA,-2.53,0.01,0.54,NA,"Collins",2016,"Addressing the inconsistencies in fear of crime research: A meta-analytic review","Journal of Criminal Justice"
183,"10.1037/xge0000157",1,41,-4.06,1e-04,0.03,0.5113,"Vadillo",2016,"Selection bias, vote counting, and money-priming effects: A comment on Rohrer, Pashler, and Harris (2015) and Vohs (2015).","Journal of Experimental Psychology: General"
